n_particles,mode,repeat,seconds,relative_rms_force_error
32,direct,1,0.0003154999576508999,0.0
32,bh,1,0.002348100009839982,0.007732110090019306
32,bh,2,0.0023332000127993524,0.007732110090019306
32,direct,2,0.00032729998929426074,0.0
32,direct,3,0.0003233000170439482,0.0
32,bh,3,0.0023282000329345465,0.007732110090019306
32,bh,4,0.0023202000302262604,0.007732110090019306
32,direct,4,0.00032430002465844154,0.0
32,direct,5,0.0003176000318489969,0.0
32,bh,5,0.002430699998512864,0.007732110090019306
64,direct,1,0.001179700018838048,0.0
64,bh,1,0.007009599998127669,0.005487015681264119
64,bh,2,0.006903500005137175,0.005487015681264119
64,direct,2,0.001201900013256818,0.0
64,direct,3,0.0011831999872811139,0.0
64,bh,3,0.007034299953375012,0.005487015681264119
64,bh,4,0.008044699963647872,0.005487015681264119
64,direct,4,0.0013773000100627542,0.0
64,direct,5,0.001182100037112832,0.0
64,bh,5,0.0070038000121712685,0.005487015681264119
128,direct,1,0.004651500028558075,0.0
128,bh,1,0.020574200025293976,0.009292138807248407
128,bh,2,0.020591999986208975,0.009292138807248407
128,direct,2,0.004573899961542338,0.0
128,direct,3,0.004829100042115897,0.0
128,bh,3,0.02052630000980571,0.009292138807248407
128,bh,4,0.021129700005985796,0.009292138807248407
128,direct,4,0.0048093999503180385,0.0
128,direct,5,0.004569399985484779,0.0
128,bh,5,0.020424999995157123,0.009292138807248407
256,direct,1,0.018241900019347668,0.0
256,bh,1,0.05832090001786128,0.007732937412527173
256,bh,2,0.05750549997901544,0.007732937412527173
256,direct,2,0.018591500003822148,0.0
256,direct,3,0.018862000026274472,0.0
256,bh,3,0.05794259998947382,0.007732937412527173
256,bh,4,0.06042330001946539,0.007732937412527173
256,direct,4,0.01776139996945858,0.0
256,direct,5,0.01886690000537783,0.0
256,bh,5,0.05796649999683723,0.007732937412527173
